{
    "includes": [
    "<stdint.h>",
    "<stdbool.h>",
    "\"E2E_P05.h\""
    ],
    "structs": [
        {
            "name": "E2E_P05ConfigType",
            "members": [
                {
                    "c_member": "Offset",
                    "python_member": "offset"
                },
                {
                    "c_member": "DataLength",
                    "python_member": "data_length"
                },
                {
                    "c_member": "DataID",
                    "python_member": "data_id"
                },
                {
                    "c_member": "MaxDeltaCounter",
                    "python_member": "max_delta_counter"
                }
            ]
        },
        {
            "name": "E2E_P05ProtectStateType",
            "members": [
                {
                    "c_member": "Counter",
                    "python_member": "counter"
                }
            ]
        },
        {
            "name": "E2E_P05CheckStateType",
            "members": [
                {
                    "c_member": "Status",
                    "python_member": "status"
                },
                {
                    "c_member": "Counter",
                    "python_member": "counter"
                }
            ]
        }
    ]
}