{
  "header_filename": "e2e_profile5.h",
  "includes": [
    "<stdint.h>",
    "<stdbool.h>",
    "\"e2e_profile5.h\""
  ],
  "header_includes": [
    "<stdint.h>",
    "<stdbool.h>"
  ],
  "defines": {
    "E2E_P05_MAX_DATA_LENGTH": 256,
    "E2E_P05_CRC_OFFSET": 0,
    "E2E_P05_COUNTER_OFFSET": 2,
    "E2E_P05_DATA_ID_OFFSET": 3
  },
  "typedefs": [
    {
      "type": "uint8_t",
      "name": "E2E_P05_DataLengthType"
    },
    {
      "type": "uint16_t",
      "name": "E2E_P05_CrcType"
    },
    {
      "type": "uint8_t",
      "name": "E2E_P05_CounterType"
    },
    {
      "type": "uint32_t",
      "name": "E2E_P05_DataIdType"
    }
  ],
  "structs": [
    {
      "name": "E2E_P05_ConfigType",
      "members": [
        {
          "type": "E2E_P05_DataIdType",
          "name": "DataId"
        },
        {
          "type": "uint8_t",
          "name": "CrcOffset"
        },
        {
          "type": "uint8_t",
          "name": "CounterOffset"
        },
        {
          "type": "uint8_t",
          "name": "DataIdOffset"
        },
        {
          "type": "E2E_P05_DataLengthType",
          "name": "MaxDataLength"
        }
      ]
    },
    {
      "name": "E2E_P05_SenderStateType",
      "members": [
        {
          "type": "E2E_P05_CounterType",
          "name": "Counter"
        },
        {
          "type": "bool",
          "name": "IsInitialised"
        }
      ]
    }
  ],
  "enums": [
    {
      "name": "E2E_P05_ReturnType",
      "members": [
        {
          "name": "E2E_P05_E_OK",
          "value": 0
        },
        {
          "name": "E2E_P05_E_ERROR",
          "value": 1
        },
        {
          "name": "E2E_P05_E_INVALID_PARAM",
          "value": 2
        }
      ]
    }
  ],
  "functions": [
    {
      "name": "E2E_P05_InitSender",
      "return_type": "E2E_P05_ReturnType",
      "params": [
        {
          "type": "E2E_P05_ConfigType*",
          "name": "ConfigPtr"
        },
        {
          "type": "E2E_P05_SenderStateType*",
          "name": "StatePtr"
        }
      ]
    },
    {
      "name": "E2E_P05_Forward",
      "return_type": "E2E_P05_ReturnType",
      "params": [
        {
          "type": "const E2E_P05_ConfigType*",
          "name": "ConfigPtr"
        },
        {
          "type": "E2E_P05_SenderStateType*",
          "name": "StatePtr"
        },
        {
          "type": "uint8_t*",
          "name": "DataPtr"
        },
        {
          "type": "E2E_P05_DataLengthType",
          "name": "DataLength"
        }
      ]
    }
  ],
  "implementations": [
    {
      "name": "E2E_P05_InitSender",
      "return_type": "E2E_P05_ReturnType",
      "params": [
        {
          "type": "E2E_P05_ConfigType*",
          "name": "ConfigPtr"
        },
        {
          "type": "E2E_P05_SenderStateType*",
          "name": "StatePtr"
        }
      ],
      "body": [
        "if (ConfigPtr == NULL || StatePtr == NULL) {",
        "    return E2E_P05_E_INVALID_PARAM;",
        "}",
        "",
        "StatePtr->Counter = 0;",
        "StatePtr->IsInitialised = true;",
        "",
        "return E2E_P05_E_OK;"
      ]
    },
    {
      "name": "E2E_P05_Forward",
      "return_type": "E2E_P05_ReturnType",
      "params": [
        {
          "type": "const E2E_P05_ConfigType*",
          "name": "ConfigPtr"
        },
        {
          "type": "E2E_P05_SenderStateType*",
          "name": "StatePtr"
        },
        {
          "type": "uint8_t*",
          "name": "DataPtr"
        },
        {
          "type": "E2E_P05_DataLengthType",
          "name": "DataLength"
        }
      ],
      "body": [
        "if (ConfigPtr == NULL || StatePtr == NULL || DataPtr == NULL) {",
        "    return E2E_P05_E_INVALID_PARAM;",
        "}",
        "",
        "if (!StatePtr->IsInitialised) {",
        "    return E2E_P05_E_ERROR;",
        "}",
        "",
        "// 检查数据长度是否足够",
        "if (DataLength < (ConfigPtr->CrcOffset + sizeof(E2E_P05_CrcType))) {",
        "    return E2E_P05_E_ERROR;",
        "}",
        "",
        "// 写入Counter",
        "DataPtr[ConfigPtr->CounterOffset] = StatePtr->Counter;",
        "",
        "// 写入DataID (假设是32位，需要处理字节序)",
        "DataPtr[ConfigPtr->DataIdOffset] = (ConfigPtr->DataId >> 24) & 0xFF;",
        "DataPtr[ConfigPtr->DataIdOffset + 1] = (ConfigPtr->DataId >> 16) & 0xFF;",
        "DataPtr[ConfigPtr->DataIdOffset + 2] = (ConfigPtr->DataId >> 8) & 0xFF;",
        "DataPtr[ConfigPtr->DataIdOffset + 3] = ConfigPtr->DataId & 0xFF;",
        "",
        "// TODO: 计算CRC并写入",
        "// E2E_P05_CrcType crc = CalculateCrc(ConfigPtr, DataPtr, DataLength);",
        "// DataPtr[ConfigPtr->CrcOffset] = (crc >> 8) & 0xFF;",
        "// DataPtr[ConfigPtr->CrcOffset + 1] = crc & 0xFF;",
        "",
        "// 更新Counter",
        "StatePtr->Counter++;",
        "if (StatePtr->Counter > 0xFF) {",
        "    StatePtr->Counter = 0;",
        "}",
        "",
        "return E2E_P05_E_OK;"
      ]
    }
  ]
}